{
    "version": {
        "thisInstance": "Arcane is running version: `{version}`"
    },
    "restart": {
        "nowRestarting": "<a:typing:528380923700314123> Restarting `{shards}` shards."
    },
    "ping": {
        "placeholder": "Working...",
        "ping": "Pong! `{ping}ms`. API: `{api}ms`"
    },
    "play": {
        "errors": {
            "noArgs": "You need to provide something to search for or a URL.",
            "noResults": "No results for: `{search}`",
            "noChannel": "You must be in a voice channel.",
            "maxSongs": "You have reached the maximium queue limit of `{max}`. You can raise this limit by purchasing Arcane Premium. <https://arcanebot.xyz/premium>",
            "maxSongsPlaylist": "Added `{added}` songs to the queue. You have reached the maximium queue limit of `{max}`. You can raise this limit by purchasing Arcane Premium. <https://arcanebot.xyz/premium>"
        },
        "nowPlaying": "{emote} Now playing {name}.",
        "addedToQueue": "Added **{name}** to the queue.",
        "noMoreSongs": "There are no more songs in the queue!",
        "queuedPlaylist": "Added `{songs}` songs to the queue."
    },
    "loop": {
        "nowLooping": "{emote} Looping has been enabled.",
        "stoppedLooping": "Looping has been disabled."
    },
    "shuffle": {
        "nowShuffling": "{emote} Shuffling has been enabled.",
        "stoppedShuffling": "Shuffling has been disabled."
    },
    "skip": {
        "skippingSong": "Skipping the current song.",
        "alreadyVoted": "You have already voted to skip the song.",
        "noVotes": "There are not enough votes to skip the song. {amount} out of {required} have voted."
    },
    "nowplaying": {
        "playing": "```ini\n[Now Playing] {song} requested by {user}```Progress: `{bar}` {time}"
    },
    "pause": {
        "alreadyPaused": "The music is already paused. Run `{prefix}resume` to continue the music.",
        "pausingSong": "Successfully paused the music."
    },
    "resume": {
        "alreadyPlaying": "The music is already playing. Run `{prefix}pause` to pause the music.",
        "resumingSong": "Successfully resumed the music."
    },
    "seek": {
        "noArgs": "You need to provide a time to seek to.",
        "seekedTo": "Seeked to `{time}`."
    },
    "volume": {
        "noArgs": "You need to provide a volume.",
        "setVolume": "Set the volume to `{newVolume}%`.",
        "maxVolume": "The volume cannot go over 200.",
        "notDonor": "This server does not have premium features enabled. The max volume non-donators can have is 150. Learn more at <https://arcanebot.xyz/premium>"
    },
    "stop": {
        "stoppingPlayer": "**Stopping the music and leaving the channel.**"
    },
    "stats": {
        "cluster": "Cluster {this}/{clusters}",
        "guilds": "Guilds",
        "users": "Users",
        "other": "Other",
        "info": "Info",
        "infoData": "Ram: `{ram} MB ({percentage}%)`\nVersion: `{version}`\nOwner: `{owner}`",
        "otherData": "Voice: `{voice}`\nShard: `{this}/{shards}`\nCommands Ran: `{commands}`",
        "errorFetchingStats": "There was an error fetching stats. Try again in a few minutes.",
        "extra": "Messages: `{messages}`\nVotes: `{votes} ({totalVotes})`"
    },
    "level": {
        "errors": {
            "noRank": "You have no rank. Keep chatting to earn a rank!"
        },
        "data": "Level: {level}\nExperience: {xp}/{neededXP} (`{totalXP} total`)\nRank: `{rank}/{ranks}`",
        "footer": "{xp} more xp to levelup!",
        "voteBooster": {
            "hasVoted": "Vote Booster: **10%** `({timeRemaining} remaining)`",
            "noVote": "Vote Booster: [Vote now for 10% boost](https://arcanebot.xyz/vote)"
        }
    },
    "color": {
        "invalidColor": "You need to provide a valid color or hex code.",
        "updatedColor": "Updated your color to `{color}`",
        "confirmChange": "Are you sure you want to change your color?"
    },
    "setlevel": {
        "errors": {
            "noUser": "You need to provide a user to levelup.",
            "noBots": "You cannot set a bots level.",
            "cantSet": "You cannot edit {users}'s level",
            "maxLevel": "You cannot set the level higher than 100. (Users can earn above level 100 though)"
        },
        "editedLevel": "Set {user}'s level to `{level}`."
    },
    "resetlevel": {
        "errors": {
            "noUsesr": "You need to provide a user to levelup.",
            "noBots": "You cannot set a bots level."
        },
        "confirm": {
            "resetEveryone": "Are you sure you want to reset everyone's level in {guild}? This action is irreversible.",
            "resetLeft": "Are you sure you want to reset everyone who has left? This action is irreversible.",
            "resetUser": "Are you sure you want to reset {user}'s level? This action is irreversible."
        },
        "canceled": "Canceled the operation."
    },
    "rewards": {
        "noRewards": "{guild} has no rewards setup.",
        "rewards": "Rewards for **{guild}**:"
    },
    "purge": {
        "errors": {
            "invalidAmount": "You need to provide how many messages to purge.",
            "noUser": "You need to provide a valid user.",
            "noContain": "You need to provide a word or phrase to filter by."
        },
        "success": {
            "default": "Purged {amount} messages.",
            "user": "Purged {amount} messages by {user}.",
            "bot": "Purged {amount} bot messages.",
            "embeds": "Purged {amount} embed messages.",
            "contains": "Purged {amount} messages which contained `{phrase}`."
        }
    },
    "ban": {
        "errors": {
            "noUser": "You need to provide a user to ban.",
            "cantBan": "I am not able to ban {user}.",
            "cantPunishUser": "You cannot ban {user}."
        },
        "successfullyBanned": "{user} was banned."
    },
    "slowmode": {
        "errors": {
            "invalidTime": "{input} is an invalid time! Slowmode can only go up to 6 hours.",
            "cantEdit": "I am not able to edit <#{channel}>'s slowmode."
        },
        "successfullyEdited": "Changed the slowmode for <#{channel}> to {duration}.",
        "successfullyRemoved": "Removed the slowmode for <#{channel}>"
    },
    "lock": {
        "errors": {
            "cantLock": "I am not able to lock <#{channel}>.",
            "alreadyLocked": "<#{channel}> is already locked."
        },
        "successfullyLockedChannel": "<#{channel}> was locked."
    },
    "unlock": {
        "errors": {
            "notLocked": "<#{channel}> is not locked.",
            "cantUnlock": "I am not able to unlock <#{channel}>."
        },
        "successfullyUnlockedChannel": "<#{channel}> was unlocked."
    },
    "kick": {
        "errors": {
            "noUser": "You need to provide a user to kick.",
            "cantKick": "I am not able to kick {user}.",
            "cantPunishUser": "You cannot kick {user}."
        },
        "successfullyKicked": "{user} was kicked."
    },
    "mute": {
        "errors": {
            "noUser": "You need to provide a user to mute.",
            "cantMute": "I am not able to mute {user}.",
            "cantPunishUser": "You cannot mute {user}.",
            "alreadyMuted": "{user} is already muted."
        },
        "successfullyMuted": "{user} was muted.",
        "successfullyMutedForDuration": "{user} was muted for {duration}."
    },
    "unmute": {
        "errors": {
            "noUser": "You need to provide a user to unmute.",
            "cantUnmute": "I am not able to unmute {user}.",
            "cantPunishUser": "You cannot unmute {user}.",
            "notMuted": "{user} is not muted."
        },
        "successfullyUnmuted": "{user} was unmuted."
    },
    "warn": {
        "errors": {
            "noUser": "You need to provide a user to warn.",
            "cantWarn": "I am not able to warn {user}.",
            "cantPunishUser": "You cannot warn {user}.",
            "noReason": "You need to provide a reason."
        },
        "successfullyWarned": "{user} was warned.",
        "warnMessage": "You have been warned in {guild}.\n\n{reason}"
    },
    "history": {
        "errors": {
            "noUser": "You need to provide a user for me to lookup history on.",
            "noHistory": "{user} has no history.",
            "noCase": "`{case}` is an invalid case.",
            "cantRevokeCase": "You cannot revoke this case."
        },
        "types": {
            "ban": "Banned",
            "kick": "Kicked",
            "mute": "Muted",
            "unmute": "Unmuted",
            "unban": "Unbanned",
            "warn": "Warned"
        },
        "usersHistory": "{user}'s History",
        "overall": "{warns} warning(s), {mutes} mute(s), {kicks} kick(s), {bans} ban(s)",
        "specificCase": "Moderator: `{moderator}`\nReason: {reason}\n\nRevoke the case: `{prefix}history {case} revoke`\nUpdate the case: `{prefix}case {case} New Reason`",
        "revokedCase": "Revoked case `#{case}`.",
        "resetHistory": "Revoked `{cases}` cases from {user}"
    },
    "tempban": {
        "errors": {
            "noUser": "You need to provide a user to temp ban.",
            "cantBan": "I am not able to temp ban {user}.",
            "cantPunishUser": "You cannot temp ban {user}.",
            "noTime": "You need to provide how long to temp ban."
        },
        "successfullyBanned": "{user} was temp banned for {duration}."
    },
    "reason": {
        "noCase": "You need to provide a case to update.",
        "noCaseFound": "I can't find a case when searching for: `#{case}`",
        "noReason": "You need to provide a new reason.",
        "youCantEdit": "You cannot edit case `#{case}`.",
        "updatedCase": "Updated case #{case}"
    },
    "leaderboard": {
        "onlineLeaderboard": "{name}'s leaderboard: https://arcanebot.xyz/leaderboard/{id}",
        "title": "Leaderboard for {guild}"
    },
    "redeem": {
        "notSupportServer": "This command can only be used in the official support server. https://discord.gg/467YPjF",
        "notEligible": "You must purchase perks on our Patreon (https://patreon.com/arcanebot) to use this command.\n\n↳ If you have purchased a tier make sure to verify you have linked your discord account to patreon.\n↳ If you can't get this set up please DM `ImDarkDiamond#0256`",
        "redeemed": {
            "tier1": "Thank you for purchasing `Tier 1`. Your perks will remain until you stop paying for Tier 1. You can enable the perks on **2** discord servers.",
            "tier12": "Thank you for purchasing `Tier 2`. Your perks will remain until you stop paying for Tier 2. You can enable the perks on **5** discord servers.",
            "tier3": "Thank you for purchasing `Tier 3`. Your perks will remain until you stop paying for Tier 3. You can enable the perks on **15** discord servers. "
        }
    },
    "automod": {
        "automod": "Auto Moderation Settings",
        "currentConfig": "Spam: `{spam}`\nInvite: `{invite}`\nPhrase: `{phrase}`\nProfanity: `{profanity}`\nRaid: `{raid}`\n\nLogs: {logs}",
        "invalidOption": "You need to provide a valid setting to edit. `spam, invite, phrase, profanity, raid, or logs`",
        "spam": {
            "invalidArg": "Spam can be `true or false`. Example: `{prefix}automod spam true`.",
            "enabled": "Spam prevention has been enabled.",
            "disabled": "Spam prevention has been disabled."
        },
        "invite": {
            "invalidArg": "Invites can be `true or false`. Example: `{prefix}automod invite true`.",
            "enabled": "Invite prevention has been enabled.",
            "disabled": "Invite prevention has been disabled."
        },
        "phrase": {
            "invalidArg": "Phrase can be `true or false`. Example: `{prefix}automod phrase true`.",
            "enabled": "Phrase deletion has been enabled.",
            "disabled": "Phrase deletion has been disabled."
        }
    },
    "vote": "You can vote for Arcane by visiting <https://arcanebot.xyz/vote>. Thank you!",
    "support": "You can get help with Arcane by joining our support server. https://discord.gg/467YPjF",
    "help": {
        "moreHelp": "Here is a list of all my commands. You can edit {guild}'s settings here. If you need support you can join our [discord](https://discord.gg/467YPjF).",
        "invalidCommand": "`{command}` is an invalid command."
    },
    "invite": "You can invite Arcane by visiting <https://arcanebot.xyz/invite>.",
    "serverinfo": {
        "footer": "ID: {id}",
        "overview": "Overview",
        "overviewData": "Server Region: `{region}`\nOwner: `{owner}`\nBoosts: `{boosts}/20` (Tier {tier})",
        "info": "Roles: `{roles}`\nChannels: `{channels}` - Text: `{text}` - Voice: `{voice}`\nMembers: `{members}`"
    },
    "userinfo": {
        "roles": "Roles ({total} total)",
        "id": "ID",
        "joined": "Joined Server",
        "joinedDiscord": "Joined Discord",
        "none": "None",
        "tooMany": "Too many roles to display."
    },
    "selfrole": {
        "selfroles": "Here are all the self-roles for **{guild}**:\n{roles}",
        "noRoles": "No selfroles have been setup in {guild}",
        "invalidRole": "`{name}` is an invalid role.",
        "cantAdd": "I cant give you `{role}`.",
        "cantRemove": "I cant remove the `{role}`.",
        "addedRole": "Succesfully added `{role}` to <@{user}>",
        "removedRole": "Succesfully removed `{role}` from <@{user}>"
    }
}