{
    "version": {
        "thisInstance": "`{version}` اركاني يعمل على النسخة"
    },
    "restart": {
        "nowRestarting": "<a:typing:528380923700314123> اجزاء  `{shards}` تتم اعادة تشغيل"
    },
    "ping": {
        "placeholder": "جار الحساب",
        "ping": "`{ping}ms`. API: `{api}ms`"
    },
    "play": {
        "errors": {
            "noArgs": "يرجى ذكر كلمة او رابط للبحث عنه",
            "noResults": "`{search}` لا نتائج للكلمة / الرابط",
            "noChannel": "وجب ان تكون متصل بغرفة صوتية",
            "maxSongs": "<https://arcanebot.xyz/premium> يمكنك حذف هذا الحد بشراء النسخة المدفوعة للبوت . `{max}` لقد وصلت الى الحد الاقصى لقائمة انتظار الاغاني ",
            "maxSongsPlaylist": "الى لائحة الانتظار `{added}` تم اضافة. <https://arcanebot.xyz/premium> يمكنك حذف هذا الحد بشراء النسخة المدفوعة للبوت . `{max}` لقد وصلت الى الحد الاقصى لقائمة انتظار الاغاني "
        },
        "nowPlaying": "{emote} .الان {name} يتم عزف",
        "addedToQueue": "الى لائحة الانتظار **{name}** تم اضافة",
        "noMoreSongs": "لائحة الانتظار فارغة حاليا",
        "queuedPlaylist": "الى لائحة الانتظار `{songs}` تم اضافة"
    },
    "loop": {
        "nowLooping": "{emote} تم تشغيل اعادة التشغيل المتتالية",
        "stoppedLooping": "تم تعطيل اعادة التشغيل المتتالية"
    },
    "shuffle": {
        "nowShuffling": "{emote} تم تشغيل اعادة التشغيل ",
        "stoppedShuffling": "تم تعطيل اعادة التشغيل "
    },
    "skip": {
        "skippingSong": "يتم الان تخطي الاغنية الحالية",
        "alreadyVoted": "لقد صوتت بالفعل لتخطي الاغنية الحالية",
        "noVotes": "(الزامية {required} من {amount}) لا توجد تصويتات كافية لتخطي الاغنية الحالية"
    },
    "nowplaying": {
        "playing": "```ini\n[يشغل الان] {song} طلب الاغنية {user}``` `{bar}` {time} تقدم الاغنية"
    },
    "pause": {
        "alreadyPaused": "لاستئناف الموسيقى `{prefix}resume` الموسيقى موقفة مؤقتا بالفعل . استدعي الامر ",
        "pausingSong": "تم بنجاح الايقاف المؤقت للموسيقى"
    },
    "resume": {
        "alreadyPlaying": "لايقافها `{prefix}pause` الموسيقى مستءنفة بالفعل . استدعي الامر",
        "resumingSong": "تم بنجاح استئناف الموسيقى"
    },
    "seek": {
        "noArgs": "الرجاء توفير وقت للتقديم اليه",
        "seekedTo": "`{time}` تم تقديم الاغنية الى"
    },
    "volume": {
        "noArgs": "الرجاء توفير مستوى صوت",
        "setVolume": "`{newVolume}%` تم تعيين مستوى الصوت الى",
        "maxVolume": "لا يمكن تعيين مستوي صوت اكبر من 200",
        "notDonor": "<https://arcanebot.xyz/premium> هذا السيرفر لا يشمل خواص النسخة المدفوعة مفعلة لذلك . لايمكن تعيين مستوى صوت اكبر من 150 . اقرا المزيد حول هذا الموضوع في"
    },
    "stop": {
        "stoppingPlayer": "**يتم حاليا ايقاف الموسيقى و الخروج من الغرفة الصوتية**"
    },
    "stats": {
        "cluster": "{this}/{clusters} الجزء التشغيلي",
        "guilds": "السيرفرات",
        "users": "المستخدمين",
        "other": "معلومات اخرى",
        "info": "حول",
        "infoData": "`{ram} MB ({percentage}%)` : استخدام الرام \n`{version}` : النسخة\n`{owner}` : المالك",
        "otherData": "`{voice}` : الغرف الصوتية\n`{this}/{shards}` : الجزء \n`{commands}` : الاوامر المستدعاة",
        "errorFetchingStats": "حدث خطا عند عملية سحب المعلومات . يرجى اعادة المحاولة خلال بضع دقائق",
        "extra": "`{messages}` : الرسائل\n`{votes} ({totalVotes})` : التصويتات"
    },
    "level": {
        "errors": {
            "noRank": "لا تمتلك اي تصنيف . تابع المحادثة لتحصل على واحد!"
        },
        "data": "{level} : المستوى\n{xp}/{neededXP}(`{totalXP}`) : الخبرة\n`{rank}/{ranks}` : التصنيف",
        "footer": "من نقاط الخبرة لتتقدم في المستوى! {xp} يلزمك",
        "voteBooster": {
            "hasVoted": "**10%** : معزز التصويت`({timeRemaining} متبقي)`",
            "noVote": " [Vote now for 10% boost](https://arcanebot.xyz/vote) : معزز التصويت "
        }
    },
    "color": {
        "invalidColor": "وجب توفير رمز صحيح لترميز HEX",
        "updatedColor": "`{color}` تم تحديث لونك الى",
        "confirmChange": "هل انت متاكد من تغيير لونك?"
    },
    "setlevel": {
        "errors": {
            "noUser": "وجب عليك توفير مستخدم موجود فعلا لترقية المستوى",
            "noBots": "لا يمكنك ترقية بوت",
            "cantSet": "{users} لا تستطيع تعديل مستوى",
            "maxLevel": "لا تستطيع اضافة اكثر من 100 مستوى الى المستوى الحالي للشخص"
        },
        "editedLevel": "`{level}` الى {user} تم تعديل مستوى"
    },
    "resetlevel": {
        "errors": {
            "noUsesr": "وجب عليك توفير مستخدم موجود فعلا لحذف المستوى",
            "noBots": "لا يمكنك حذف مستوى بوت"
        },
        "confirm": {
            "resetEveryone": "هذا الفعل لا يمكن عكسه. ?{guild} هل انت متاكد من حذف مستويات جميع اعضاء",
            "resetLeft": "هل انت متاكد من حذف مستويات كل من غادر السيرفر?",
            "resetUser": "هذا الفعل لا يمكن عكسه. ?{user} هل انت متاكد من حذف مستوى العصو"
        },
        "canceled": "تم الغاء العملية"
    },
    "rewards": {
        "noRewards": "لا يملك نظام جوائز بعد {guild}",
        "rewards": "**{guild}** : الجوائز الخاصة ب"
    },
    "purge": {
        "errors": {
            "invalidAmount": "الرجاء ادخال رقم صحيح لحذف الرسائل",
            "noUser": "الرجاء ادخال مستخدم موجود فعلا لحذف الرسائل",
            "noContain": "الرجاء ادخال كلمة او جملة لتصفية الرسائل و حذفها"
        },
        "success": {
            "default": "من الرسائل {amount} تم حذف",
            "user": "{user} من الرسائل للعضو {amount} تم حذف",
            "bot": "من رسائل البوتات {amount} تم حذف",
            "embeds": "Embedمن رسائل ال {amount} تم حذف",
            "contains": "`{phrase}` من الرسائل التي تحتوي على {amount} تم حذف "
        }
    },
    "ban": {
        "errors": {
            "noUser": "يرجى تحديد عضو موجود فعلا لحظره",
            "cantBan": "{user} لا يمكنني حظر العضو",
            "cantPunishUser": "{user} لا يمكنك حظر"
        },
        "successfullyBanned": "{user} تم حظر"
    },
    "slowmode": {
        "errors": {
            "invalidTime": "وقت خاطئ . الوضع البطيء وجب ان يكون اقل من 6 ساعات {input}",
            "cantEdit": "<#{channel}> لا يمكنني تعديل الوضع البطيء ل"
        },
        "successfullyEdited": "{duration} الى <#{channel}> تم تغيير الوضع البطيء للغرفة ",
        "successfullyRemoved": "<#{channel}> تم حذف الوضع البطيء للغرفة"
    },
    "lock": {
        "errors": {
            "cantLock": "<#{channel}> لا استطيع غلق الغرقة",
            "alreadyLocked": "مغلقة بالفعل <#{channel}> الغرفة"
        },
        "successfullyLockedChannel": "<#{channel}> تم بنجاح غلق الغرفة"
    },
    "unlock": {
        "errors": {
            "notLocked": "غير مغلقة <#{channel}> الغرفة",
            "cantUnlock": "<#{channel}> لا يمكنني فتح الغرفة"
        },
        "successfullyUnlockedChannel": "<#{channel}> تم بنجاح فتح الغرفة"
    },
    "kick": {
        "errors": {
            "noUser": "يرجى تحديد عضو موجود فعلا لطرده",
            "cantKick": "{user} لا يمكنني طرد",
            "cantPunishUser": "{user} لا يمكنك طرد"
        },
        "successfullyKicked": "{user} تم طرد"
    },
    "mute": {
        "errors": {
            "noUser": "يرجى تحديد عضو موجود فعلا لاسكاته",
            "cantMute": "{user} لا يمكنني اسكات",
            "cantPunishUser": "{user} لا يمكنك اسكات",
            "alreadyMuted": "مسكت بالفعل {user} العضو"
        },
        "successfullyMuted": "بنجاح {user} تم اسكات",
        "successfullyMutedForDuration": "{duration} لمدة {user} تم اسكات "
    },
    "unmute": {
        "errors": {
            "noUser": "يرجى تحديد عضو موجود فعلا لفك الاسكات",
            "cantUnmute": "{user} لايمكنني فك الاسكات عن",
            "cantPunishUser": "{user} لا يمكنك فك الاسكات عن",
            "notMuted": "غير مسكت اطلاقا {user}"
        },
        "successfullyUnmuted": "{user} تم فك الاسكات عن العضو"
    },
    "warn": {
        "errors": {
            "noUser": "يرجى تحديد عضو موجود فعلا لتحذيره",
            "cantWarn": "{user} لا يمكنني تحذير العضو",
            "cantPunishUser": "{user} لا يمكنك تحذير العضو",
            "noReason": "يرجى ادخال سبب للتحذير"
        },
        "successfullyWarned": "{user} تم تحذير العضو",
        "warnMessage": "{guild} تم تحذيرك في سيرفر\n\n{reason}"
    },
    "history": {
        "errors": {
            "noUser": "الرجاء ادخال عضو موجود فعلا لللبحث في السجلات عنه",
            "noHistory": "{user} لا توجد سجلات عن",
            "noCase": "خاطئ `{case}` رمز الحالة",
            "cantRevokeCase": "لا يمكنك الغاء القضية او حذفها"
        },
        "types": {
            "ban": "حظر",
            "kick": "طرد",
            "mute": "اسكات",
            "unmute": "فك الاسكات",
            "unban": "فك الحظر",
            "warn": "تحذير / انذار"
        },
        "usersHistory": "{user} سجلات",
        "overall": " تحذير {warns}, اسكات {mutes}, طرد {kicks}, حظر {bans}",
        "specificCase": "`{moderator}` : المشرف\n{reason} : السبب\n\n`{prefix}history {case} revoke` : الغاء القضية\n`{prefix}case {case} reason` : تحديث القضية",
        "revokedCase": "`#{case}` تم الغاء القضية ذات الترميز",
        "resetHistory": "{user} قضية للعضو `{cases}` تم الغاء"
    },
    "tempban": {
        "errors": {
            "noUser": "يرجى تحديد عضو موجود فعلا لحظره مؤقتا",
            "cantBan": "مؤقتا {user} لا يمكنني حظر",
            "cantPunishUser": "مؤقتا {user} لا يمكنك حظر",
            "noTime": "يرجى تحديد قيمة زمنية للحظر المؤقت"
        },
        "successfullyBanned": "{duration} مؤقتا لمدة {user} تم حظر"
    },
    "reason": {
        "noCase": "يرجى تحديد ترميز حالة موجود فعلا",
        "noCaseFound": "`#{case}`لا يمكنني ايجاد الحالة ذات الترميز",
        "noReason": "يرجى توفير سبب جديد",
        "youCantEdit": "`#{case}` لا يمكنك تعديل القضية ذات الترميز",
        "updatedCase": "#{case} تم تحذيث القضية ذات الترميز"
    },
    "leaderboard": {
        "onlineLeaderboard": "https://arcanebot.xyz/leaderboard/{id} : {name} قائمة المتصدرين ل ",
        "title": "{guild} لائحة المتصدرين ل"
    },
    "redeem": {
        "notSupportServer": " https://discord.gg/467YPjF هذا الامر يمكن ايتدعائه فقط في سيرفر الدعم الرسمي",
        "notEligible": " (https://patreon.com/arcanebot) وجب شراء الخصائص المدفوعة عبر صفحة الباتريون\n\n↳ يرجى التاكد من ربط حساب الباتريون ب حساب المستخدم بعد الشراء\n↳للاستفسار  `ImDarkDiamond#0256` يرجى الاتصال ب",
        "redeemed": {
            "tier1": "معززاتك ستبقى حتى تتوقف عن الدفع . بامكانك تفعيل المعززات في **2** من السيرفرات . `Tier 1` شكرا لشراء ",
            "tier12": "معززاتك ستبقى حتى تتوقف عن الدفع . بامكانك تفعيل المعززات في **5** من السيرفرات . `Tier 2` شكرا لشراء ",
            "tier3": "معززاتك ستبقى حتى تتوقف عن الدفع . بامكانك تفعيل المعززات في **15** من السيرفرات . `Tier 3` شكرا لشراء "
        }
    },
    "automod": {
        "automod": "اعدادات الادارة التلقائية",
        "currentConfig": "`{spam}` : السبام\n`{invite}` : الانفايت\n`{phrase}` : الجمل\n`{profanity}` : الشتم\n`{raid}` : التخريبات\n\n{logs} : اللوق",
        "invalidOption": "`spam, invite, phrase, profanity, raid, or logs` : يرجى تحديد خيار صحيح من بين هذه الخيارات",
        "spam": {
            "invalidArg": "`{prefix}automod spam true` : مثال  . `true or false` : منع السبام وجب ان يكون",
            "enabled": "تم تفعيل منع السبام",
            "disabled": "تم تعطيل منع السبام"
        },
        "invite": {
            "invalidArg": "`{prefix}automod invite true` : مثال  . `true or false` : منع الدعوات وجب ان يكون",
            "enabled": "تم تفعيل منع الدعوات",
            "disabled": "تم تعطيل منع الدعوات"
        },
        "phrase": {
            "invalidArg": "`{prefix}automod phrase true` : مثال  . `true or false` : حذف الجمل وجب ان يكون",
            "enabled": "تم تفعيل الرسائل",
            "disabled": "تم تعطيل الرسائل"
        }
    },
    "vote": " <https://arcanebot.xyz/vote> يمكنك التصويت للبوت بزيارة الرابط التالي",
    "support": " https://discord.gg/467YPjF يمكنك الحصول على مساعدة بخصوص البوت بالانضمام الى سيرفر الدعم",
    "help": {
        "moreHelp": "[Support Server](https://discord.gg/467YPjF) . هنا {guild} هذه لائحة عن جميع اوامر اركاني . يمكنك تغغير اعدادات",
        "invalidCommand": " `{command}` لا وجود لامر باسم "
    },
    "invite": " <https://arcanebot.xyz/invite> : يمكنك اضافة اركاني من خلال الرابط التالي",
    "serverinfo": {
        "footer": "الايدي: {id}",
        "overview": "معلومات عامة",
        "overviewData": "`{region}` : منطقة السيرفر\n`{owner}` : المالك\n`{boosts}/20 : المعززات` (Tier {tier})",
        "info": "`{roles}` : الرولز\n`{text}` : الكتابية / `{voice}` : الصوتية / `{channels}` : الغرف\n`{members}` : الاعضاء"
    },
    "userinfo": {
        "roles": " (كلي {total}) الرولز",
        "id": "الايدي",
        "joined": "موعد الانضمام للسيرفر",
        "joinedDiscord": "موعد الانضمام للمنصة",
        "none": "غير متوفر",
        "tooMany": "عدد الرولز اكبر من الحد المسموح به"
    },
    "selfrole": {
        "selfroles": "**{guild}** : هذه لائحة بالادوار الذاتية التي تحوز عليها في \n{roles}",
        "noRoles": "{guild} لا وجود لاي ادوار ذاتية في",
        "invalidRole": "رول خاطئ `{name}`",
        "cantAdd": "`{role}` لا استطيع اضافة هذا الرول",
        "cantRemove": "`{role}` لا استطيع حذف هذا الرول",
        "addedRole": "<@{user}> الى العضو `{role}` تم بنجاح اضافة الرول ",
        "removedRole": "<@{user}> الى العضو `{role}` تم بنجاح حذف الرول "
    },
    "dashboard": {
        "linkToDashboard": "You can edit {guild}'s settings [here]({linkToDashboard})."
    },
    "create": {
        "ticketAlreadyCreated": "You already have a ticket. View it here: <#{channel}>",
        "createdTicket": "Created a ticket! View your ticket here: <#{channel}>",
        "createdPing": "Support will be in touch with you as soon as possible. In the meantime tell us about your issue!\n\nYou can close the ticket anytime by running `{prefix}close`",
        "logs": "<@{user}> `({user})` created a ticket <#{channel}> `({channelName})`"
    },
    "close": {
        "notYourTicket": "You cannot close this ticket.",
        "tickedClosedDM": "Your ticket has been closed. You can view the transcript here:",
        "logs": "<@{user}> closed the ticket {channel}"
    },
    "tickets": {
        "title": "{guild} Ticket Stats",
        "open": "Open",
        "closed": "Closed",
        "openTickets": "Open Tickets"
    },
    "suggest": {
        "missingSuggestion": "You need to provide a suggestion.",
        "sent": "Submitted your suggestion!",
        "suggestionNumber": "Suggestion #{number}",
        "suggestedBy": "Suggested by {user}"
    },
    "accept": {
        "missingSuggestion": "You need to provide a suggestion ID to approve it.",
        "approvedSuggestion": "Approved suggestion #{id}.",
        "approvedBy": "Accepted by {user}"
    },
    "deny": {
        "missingSuggestion": "You need to provide a suggestion ID to deny it.",
        "deniedSuggestion": "Denied suggestion #{id}.",
        "deniedBy": "Denied by {user}"
    },
    "consider": {
        "missingSuggestion": "You need to provide a suggestion ID to consider it.",
        "consideredSuggestion": "Considered suggestion #{id}.",
        "consideredBy": "Considered by {user}"
    }
}