{
    "version": {
        "thisInstance": "Версия Arcane: `{version}`"
    },
    "restart": {
        "nowRestarting": "<a:typing:528380923700314123> Перезапуск `{shards}` осколков."
    },
    "ping": {
        "placeholder": "Работает...",
        "ping": "Pong! `{ping}ms`. API: `{api}ms`"
    },
    "play": {
        "errors": {
            "noArgs": "Вы должны предоставить что-то для поиска или URL.",
            "noResults": "Нет результатов для: `{search}`",
            "noChannel": "Вы должны быть в голосовом канале.",
            "maxSongs": "Вы достигли максимального лимита очереди `{max}`. Вы можете повысить этот лимит, купив Arcane Premium. <https://arcanebot.xyz/premium>",
            "maxSongsPlaylist": "Добавлено `{added}` песни в очередь. Вы достигли максимального предела очереди `{max}`. Вы можете повысить этот лимит, купив Arcane Premium. <https://arcanebot.xyz/premium>"
        },
        "nowPlaying": "{emote} Сейчас играет {name}.",
        "addedToQueue": "Добавлено **{name}** в очередь.",
        "noMoreSongs": "В очереди больше нет песен!",
        "queuedPlaylist": "Добавлены `{songs}` песни в очередь."
    },
    "loop": {
        "nowLooping": "{emote} Цикл был включен.",
        "stoppedLooping": "Цикл был отключен."
    },
    "shuffle": {
        "nowShuffling": "{emote} Перестановка была включена.",
        "stoppedShuffling": "Перестановка была отключена."
    },
    "skip": {
        "skippingSong": "Пропуск текущей песни.",
        "alreadyVoted": "Вы уже проголосовали за пропуск песни.",
        "noVotes": "Недостаточно голосов, чтобы пропустить песню. {amount} из {required} проголосовали."
    },
    "nowplaying": {
        "playing": "```ini\n[Сейчас играет] {song} запросил {user}```Прогресс: `{bar}` {time}"
    },
    "pause": {
        "alreadyPaused": "Музыка уже приостановлена. Запустите `{prefix}resume`, чтобы продолжить музыку.",
        "pausingSong": "Успешно приостановил музыку."
    },
    "resume": {
        "alreadyPlaying": "Музыка уже играет. Запустите `{prefix}pause`, чтобы приостановить воспроизведение музыки.",
        "resumingSong": "Успешно возобновил музыку."
    },
    "seek": {
        "noArgs": "Вы должны предоставить время для поиска.",
        "seekedTo": "Стремился к `{time}`."
    },
    "volume": {
        "noArgs": "Вы должны предоставить объем.",
        "setVolume": "Установите громкость на `{newVolume}%`.",
        "maxVolume": "Объем не может превышать 200.",
        "notDonor": "На этом сервере не включены расширенные функции. Максимальный объем не-донатеров может быть 150. Узнайте больше на <https://arcanebot.xyz/premium>"
    },
    "stop": {
        "stoppingPlayer": "**Остановка музыки и выход из канала.**"
    },
    "stats": {
        "cluster": "Скопление {this}/{clusters}",
        "guilds": "Серверов",
        "users": "Пользователи",
        "other": "Другие",
        "info": "Информация",
        "infoData": "Ram: `{ram} MB ({percentage}%)`\nВерсия: `{version}`\nВладелец: `{owner}`",
        "otherData": "Голосовой: `{voice}`\nОсколков: `{this}/{shards}`\nКоманд работает: `{commands}`",
        "errorFetchingStats": "При получении статистики произошла ошибка. Попробуйте еще раз через несколько минут.",
        "extra": "Сообщений: `{messages}`\nГолосовых: `{votes} ({totalVotes})`"
    },
    "level": {
        "errors": {
            "noRank": "У тебя нет ранга. Продолжайте общаться, чтобы заработать ранк!"
        },
        "data": "Уровень: {level}\nОпыт: {xp}/{neededXP} (`{totalXP} total`)\nЗвание: `{rank}/{ranks}`",
        "footer": "{xp} больше опыта, чтобы повысить уровень!",
        "voteBooster": {
            "hasVoted": "Усилитель голосования: **10%** `({timeRemaining} осталось)`",
            "noVote": "Усилитель голосования: [Проголосуйте сейчас за повышение на 10%](https://arcanebot.xyz/vote)"
        }
    },
    "color": {
        "invalidColor": "Вам необходимо указать правильный цвет или шестнадцатеричный код.",
        "updatedColor": "Обновил свой цвет до `{color}`",
        "confirmChange": "Вы уверены, что хотите изменить свой цвет?"
    },
    "setlevel": {
        "errors": {
            "noUser": "Вы должны предоставить пользователю уровень выше.",
            "noBots": "Вы не можете установить уровень для ботов",
            "cantSet": "Вы не можете редактировать уровень у пользователя {users}",
            "maxLevel": "Вы не можете установить уровень выше 100. (Но, пользователи могут зарабатывать выше 100-ого уровня.)"
        },
        "editedLevel": "Установите уровень {user} на `{level}`."
    },
    "resetlevel": {
        "errors": {
            "noUsesr": "Вы должны предоставить пользователю уровень выше.",
            "noBots": "Вы не можете установить уровень для ботов."
        },
        "confirm": {
            "resetEveryone": "Вы уверены, что хотите сбросить уровень каждого в {guild}? Это действие необратимо.",
            "resetLeft": "Вы уверены, что хотите сбросить всех, кто ушел? Это действие необратимо.",
            "resetUser": "Вы уверены, что хотите сбросить уровень у {user}? Это действие необратимо."
        },
        "canceled": "Операция отменена."
    },
    "rewards": {
        "noRewards": "{guild} не имеет настроеных наград.",
        "rewards": "Награды в **{guild}**:"
    },
    "purge": {
        "errors": {
            "invalidAmount": "Вам необходимо указать, сколько сообщений нужно удалить.",
            "noUser": "Вы должны предоставить действительного пользователя.",
            "noContain": "Вам нужно указать слово или фразу для фильтрации."
        },
        "success": {
            "default": "Очищено {amount} сообщений.",
            "user": "Очищено {amount} сообщений {user}.",
            "bot": "Очищено {amount} сообщений бота.",
            "embeds": "Очищено {amount} эмбед-сообщений.",
            "contains": "Очищено {amount} сообщения, которые содержали `{phrase}`."
        }
    },
    "ban": {
        "errors": {
            "noUser": "Вы должны предоставить пользователя, чтоб выдать бан.",
            "cantBan": "Я не могу забанить {user}.",
            "cantPunishUser": "Вы не можете забанить {user}."
        },
        "successfullyBanned": "{user} был забанен"
    },
    "slowmode": {
        "errors": {
            "invalidTime": "{input} неверное время! Замедленный режим может продолжаться до 6 часов.",
            "cantEdit": "Я не могу редактировать замедленный режим в <#{channel}> "
        },
        "successfullyEdited": "Изменен медленный режим для <#{channel}> на {duration}.",
        "successfullyRemoved": "Удален медленный режим для <#{channel}>"
    },
    "lock": {
        "errors": {
            "cantLock": "Я не могу закрыть <#{channel}>.",
            "alreadyLocked": "<#{channel}> уже закрыт."
        },
        "successfullyLockedChannel": "<#{channel}> был закрыт."
    },
    "unlock": {
        "errors": {
            "notLocked": "<#{channel}> не закрыт.",
            "cantUnlock": "Я не могу открыть <#{channel}>."
        },
        "successfullyUnlockedChannel": "<#{channel}> был открыт."
    },
    "kick": {
        "errors": {
            "noUser": "Вы должны предоставить пользователю, чтобы выгнать.",
            "cantKick": "Я не могу выгнать {user}.",
            "cantPunishUser": "Вы не можете выгнать {user}."
        },
        "successfullyKicked": "{user} был выгнан."
    },
    "mute": {
        "errors": {
            "noUser": "Вы должны предоставить пользователя, чтоб замутить его.",
            "cantMute": "Я не могу замутить {user}.",
            "cantPunishUser": "Вы не можете замутить {user}.",
            "alreadyMuted": "{user} уже замучен."
        },
        "successfullyMuted": "{user} был замучен.",
        "successfullyMutedForDuration": "{user} был замучен на {duration}."
    },
    "unmute": {
        "errors": {
            "noUser": "Вы должны предоставить пользователя, чтоб убрать мут.",
            "cantUnmute": "Я не могу размутить {user}.",
            "cantPunishUser": "Вы не можете размутить {user}.",
            "notMuted": "{user} не был замучен."
        },
        "successfullyUnmuted": "{user} был размучен."
    },
    "warn": {
        "errors": {
            "noUser": "Вы должны предоставить пользователя, чтобы предупредить.",
            "cantWarn": "Я не могу предупредить {user}.",
            "cantPunishUser": "Вы не можете предупредить {user}.",
            "noReason": "Вам необходимо указать причину."
        },
        "successfullyWarned": "{user} был предупрежден.",
        "warnMessage": "Вы были предупреждены в {guild}.\n\n{reason}"
    },
    "history": {
        "errors": {
            "noUser": "Вы должны предоставить пользователя, для просмотра истории.",
            "noHistory": "{user} не имеет истории",
            "noCase": "`{case}` неверный случай",
            "cantRevokeCase": "Вы не можете отозвать это дело."
        },
        "types": {
            "ban": "Забанен",
            "kick": "Выгнан",
            "mute": "Замучен",
            "unmute": "Размучен",
            "unban": "Разбанен",
            "warn": "Предупрежден"
        },
        "usersHistory": "{user}' история",
        "overall": "{warns} предупреждения(-й), {mutes} мут(ов), {kicks} выгнан(-ий), {bans} бан(ов)",
        "specificCase": "Модератор: `{moderator}`\nПричина: {reason}\n\nОтменено дел: `{prefix}history {case} аннулировано`\nОбновлено дел: `{prefix}case {case} Новая причина`",
        "revokedCase": "Отмененный случай `#{case}`.",
        "resetHistory": "Аннулировано `{cases}` случаи из {user}"
    },
    "tempban": {
        "errors": {
            "noUser": "Вы должны предоставить пользователя, для временного бана.",
            "cantBan": "Я не могу выдать временный бан {user}.",
            "cantPunishUser": "Вы не можете выдать временный бан {user}.",
            "noTime": "Вам необходимо указать, как долго будет временный бан."
        },
        "successfullyBanned": "{user} был забанен на {duration}."
    },
    "reason": {
        "noCase": "Вам необходимо предоставить случай для обновления.",
        "noCaseFound": "Я не могу найти случай при поиске: `#{case}`",
        "noReason": "Вам необходимо указать новую причину.",
        "youCantEdit": "Вы не можете редактировать регистр `#{case}`.",
        "updatedCase": "Обновленный случай #{case}"
    },
    "leaderboard": {
        "onlineLeaderboard": "{name} лидеры: https://arcanebot.xyz/leaderboard/{id}",
        "title": "Таблица лидеров для {guild}"
    },
    "redeem": {
        "notSupportServer": "Эта команда может использоваться только на официальном сервере поддержки. https://discord.gg/467YPjF",
        "notEligible": "Вы должны приобрести возможности в нашем Patreon (https://patreon.com/arcanebot), чтобы использовать эту команду.\n↳ Если вы не можете настроить это, пожалуйста, напишите `ImDarkDiamond#0256`",
        "redeemed": {
            "tier1": "Спасибо за покупку `Tier 1`. Ваши привилегии будут оставаться до тех пор, пока вы не прекратите платить за Уровень 1. Вы можете активировать привилегии на **2** серверов.",
            "tier12": "Спасибо за покупку `Tier 2`. Ваши привилегии будут оставаться до тех пор, пока вы не прекратите платить за Уровень 2. Вы можете включить привилегии на **5** серверах.",
            "tier3": "Спасибо за покупку `Tier 3`. Ваши привилегии будут оставаться до тех пор, пока вы не прекратите платить за Уровень 3. Вы можете включить эти привилегии на **15** серверах."
        }
    },
    "automod": {
        "automod": "Настройки автоматической модерации",
        "currentConfig": "Спам: `{spam}`\nПриглашение: `{invite}`\nФразы: `{phrase}`\nНенормативная лексика: `{profanity}`\nРейды: `{raid}`\n\nЛоги: {logs}",
        "invalidOption": "Вам необходимо указать действительные настройки для редактирования. `spam, invite, phrase, profanity, raid, or logs`",
        "spam": {
            "invalidArg": "`Спам может быть «истинным или ложным`. Пример: `{prefix}automod spam true`.",
            "enabled": "Защита от спама включена.",
            "disabled": "Защита от спама отключена."
        },
        "invite": {
            "invalidArg": "Invites can be `true or false`. Пример: `{prefix}automod invite true`.",
            "enabled": "Invite prevention has been enabled.",
            "disabled": "Invite prevention has been disabled."
        },
        "phrase": {
            "invalidArg": "Приглашения могут быть `истинными или ложными`. Пример: `{prefix}automod phrase true`.",
            "enabled": "Удаление фраз было включено.",
            "disabled": "Удаление фраз было отключено."
        }
    },
    "vote": "Вы можете проголосовать за Arcane, посетив <https://arcanebot.xyz/vote>. Спасибо!",
    "support": "Вы можете получить помощь по Arcane, присоединившись к нашему серверу поддержки. https://discord.gg/467YPjF",
    "help": {
        "moreHelp": "Вот список всех моих команд. Вы можете редактировать настройки {guild} здесь. Если вам нужна поддержка, вы можете присоединиться к нашему официальному серверу [discord](https://discord.gg/467YPjF).",
        "invalidCommand": "`{command}` неверная команда"
    },
    "invite": "Вы можете пригласить Arcane, посетив <https://arcanebot.xyz/invite>.",
    "serverinfo": {
        "footer": "ID: {id}",
        "overview": "Обзор",
        "overviewData": "Регион сервера: `{region}`\nВладелец: `{owner}`\nБустов: `{boosts}/20` (Tier {tier})",
        "info": "Ролей: `{roles}`\nКаналов: `{channels}` - Текстовых: `{text}` - Голосовых: `{voice}`\nУчастников: `{members}`"
    },
    "userinfo": {
        "roles": "Ролей ({total} общее количество)",
        "id": "ID",
        "joined": "Зашел на сервер",
        "joinedDiscord": "Зашел в дискорд",
        "none": "None",
        "tooMany": "Слишком много ролей для отображения."
    },
    "selfrole": {
        "selfroles": "Вот все роли автоматические роли в **{guild}**:\n{roles}",
        "noRoles": "Автоматические роли не были настроены в {guild}",
        "invalidRole": "`{name}` недопустимая роль",
        "cantAdd": "Я не могу дать вам `{role}`.",
        "cantRemove": "Я не могу удалить `{role}`.",
        "addedRole": "Успешно добавлено `{role}` для <@{user}>",
        "removedRole": "Успешно убрано `{role}` в <@{user}>"
    },
    "dashboard": {
        "linkToDashboard": "You can edit {guild}'s settings [here]({linkToDashboard})."
    },
    "create": {
        "ticketAlreadyCreated": "You already have a ticket. View it here: <#{channel}>",
        "createdTicket": "Created a ticket! View your ticket here: <#{channel}>",
        "createdPing": "Support will be in touch with you as soon as possible. In the meantime tell us about your issue!\n\nYou can close the ticket anytime by running `{prefix}close`",
        "logs": "<@{user}> `({user})` created a ticket <#{channel}> `({channelName})`"
    },
    "close": {
        "notYourTicket": "You cannot close this ticket.",
        "tickedClosedDM": "Your ticket has been closed. You can view the transcript here:",
        "logs": "<@{user}> closed the ticket {channel}"
    },
    "tickets": {
        "title": "{guild} Ticket Stats",
        "open": "Open",
        "closed": "Closed",
        "openTickets": "Open Tickets"
    },
    "suggest": {
        "missingSuggestion": "You need to provide a suggestion.",
        "sent": "Submitted your suggestion!",
        "suggestionNumber": "Suggestion #{number}",
        "suggestedBy": "Suggested by {user}"
    },
    "accept": {
        "missingSuggestion": "You need to provide a suggestion ID to approve it.",
        "approvedSuggestion": "Approved suggestion #{id}.",
        "approvedBy": "Accepted by {user}"
    },
    "deny": {
        "missingSuggestion": "You need to provide a suggestion ID to deny it.",
        "deniedSuggestion": "Denied suggestion #{id}.",
        "deniedBy": "Denied by {user}"
    },
    "consider": {
        "missingSuggestion": "You need to provide a suggestion ID to consider it.",
        "consideredSuggestion": "Considered suggestion #{id}.",
        "consideredBy": "Considered by {user}"
    }
}