{
    "version": {
        "thisInstance": "Arcane läuft mit Version: `{version}`"
    },
    "restart": {
        "nowRestarting": "<a:typing:528380923700314123> Starte `{shards}` Shards neu."
    },
    "ping": {
        "placeholder": "Einen Moment...",
        "ping": "Pong! `{ping}ms`. API: `{api}ms`"
    },
    "play": {
        "errors": {
            "noArgs": "Du musst einen Suchbegriff oder eine URL bereitstellen.",
            "noResults": "Keine Ergebnisse für: `{search}`",
            "noChannel": "Du musst in einem Voice-Channel sein.",
            "maxSongs": "Du hast den Wiedergabelisten-Limit von `{max}` erreicht. Du kannst diesen mit Arcane Premium erhöhen. <https://arcanebot.xyz/premium>",
            "maxSongsPlaylist": "Es wurden `{added}` Songs zur Wiedergabeliste hinzugefügt. Du hast jedoch den Wiedergabelisten-Limit von `{max}` erreicht. Du kannst diesen mit Arcane Premium erhöhen. <https://arcanebot.xyz/premium>"
        },
        "nowPlaying": "{emote} Spiele nun {name}.",
        "addedToQueue": "Es wurde **{name}** zur Wiedergabeliste hinzugefügt.",
        "noMoreSongs": "Die Widergabeliste ist leer!",
        "queuedPlaylist": "Es wurden `{songs}` Songs zur Wiedergabeliste hinzugefügt."
    },
    "loop": {
        "nowLooping": "{emote} Looping ist nun aktiviert.",
        "stoppedLooping": "Looping ist nun deaktiviert."
    },
    "shuffle": {
        "nowShuffling": "{emote} Die zufällige Wiedergabe ist nun aktiviert.",
        "stoppedShuffling": "Die zufällige Wiedergabe ist nun deaktiviert."
    },
    "skip": {
        "skippingSong": "Überspringe den aktuellen Song.",
        "alreadyVoted": "Du hast bereits dafür abgestimmt, diesen Song zu überspringen.",
        "noVotes": "Es sind noch nicht genug Leute dafür, diesen Song zu überspringen. {amount} von mindestens {required} haben abgestimmt."
    },
    "nowplaying": {
        "playing": "```ini\n[Jetzt Spielend] {song} vorgeschlagen von {user}```Fortschritt: `{bar}` {time}"
    },
    "pause": {
        "alreadyPaused": "Die Musik ist schon pausiert. Nutze `{prefix}resume`, um fortzusetzen.",
        "pausingSong": "Die Musik ist nun pausiert."
    },
    "resume": {
        "alreadyPlaying": "Die Musik spielt bereits. Nutze `{prefix}pause`, um zu pausieren.",
        "resumingSong": "Die Musik spielt nun."
    },
    "seek": {
        "noArgs": "Du musst eine Zeit bereitstellen, an die überspringt werden soll.",
        "seekedTo": "Habe nun zu `{time}` übersprungen."
    },
    "volume": {
        "noArgs": "Du musst eine Lautstärke bereitstellen.",
        "setVolume": "Die Lautstärke ist nun `{newVolume}%`.",
        "maxVolume": "Die maximale Lautstärke ist 200.",
        "notDonor": "Dieser Server hat Premium deaktiviert. Die maximale Lautstärke für nicht-Spender ist 150. Mehr unter <https://arcanebot.xyz/premium>"
    },
    "stop": {
        "stoppingPlayer": "**Die Musik wurde gestoppt, Ich verlasse nun den Channel.**"
    },
    "stats": {
        "cluster": "Cluster {this} von {clusters}",
        "guilds": "Server",
        "users": "Nutzer",
        "other": "Anderes",
        "info": "Info",
        "infoData": "Arbeitsspeicher: `{ram} MB ({percentage}%)`\nVersion: `{version}`\nBesitzer: `{owner}`",
        "otherData": "Voice: `{voice}`\nShard: `{this} von {shards}`\nBefehle ausgeführt: `{commands}`",
        "errorFetchingStats": "Es ist ein Fehler dabei aufgetreten, die Stats zu holen. Versuche es in ein paar minuten noch einmal.",
        "extra": "Nachrichten: `{messages}`\nVotes: `{votes} ({totalVotes})`"
    },
    "level": {
        "errors": {
            "noRank": "Du hast keinen Rang. Chatte noch ein bisschen, um einen zu bekommen!"
        },
        "data": "Level: {level}\nErfahrung: {xp}/{neededXP} (`{totalXP} insgesamt`)\nRang: `{rank}/{ranks}`",
        "footer": "{xp} bis zum nächsten Level!",
        "voteBooster": {
            "hasVoted": "Vote-Booster: **10%** `({timeRemaining} übrig)`",
            "noVote": "Vote-Booster: [Stimme ab für einen 10% boost](https://arcanebot.xyz/vote)"
        }
    },
    "color": {
        "invalidColor": "Du musst eine gültige Farbe oder einen HEX-Code bereitstellen.",
        "updatedColor": "Deine Farbe ist nun `{color}`",
        "confirmChange": "Bist du sicher, dass du deine Farbe ändern willst?"
    },
    "setlevel": {
        "errors": {
            "noUser": "Du musst einen Nutzer bereitstellen, dessen Level bearbeitet werden sollte.",
            "noBots": "Bots können keinen Level haben.",
            "cantSet": "Du kannst das Level von {users} nicht bearbeiten",
            "maxLevel": "Du kannst nicht Level setzen, die höher als 100 sind. (aber man kann trotzdem über 100 leveln)"
        },
        "editedLevel": "Das Level von {user} ist nun `{level}`."
    },
    "resetlevel": {
        "errors": {
            "noUser": "Du musst einen Nutzer bereitstellen, dessen Level zurückgesetzt werden sollte.",
            "noBots": "Bots können keinen Level haben."
        },
        "confirm": {
            "resetEveryone": "Bist du dir sicher, dass du das Level von jedem auf diesem Server zurücksetzen willst? Dies kann nicht rückgängig gemacht werden.",
            "resetLeft": "Bist du dir sicher, dass du das Level von jedem zurücksetzen willst, der nicht mehr auf dem Server ist? Dies kann nicht rückgängig gemacht werden.",
            "resetUser": "Möchtest du das Level von {user} wirklich zurücksetzen? Dies kann nicht rückgängig gemacht werden."
        },
        "canceled": "Abgebrochen."
    },
    "rewards": {
        "noRewards": "{guild} hat keine Belohnungen.",
        "rewards": "Belohnungen in **{guild}**:"
    },
    "purge": {
        "errors": {
            "invalidAmount": "Du musst bereitstellen, wie viele Nachrichten bereinigt werden sollten.",
            "noUser": "Du musst einen gültigen Nutzer bereitstellen.",
            "noContain": "Du musst einen Filter bereitstellen. Dies kann zum Beispiel ein Wort oder ein Satz sein."
        },
        "success": {
            "default": "Reinigte {amount} Nachrichten.",
            "user": "Reinigte {amount} Nachtichten von {user}.",
            "bot": "Reinigte {amount} Nachrichten von allen Bots.",
            "embeds": "Reinigte {amount} Embed-Nachrichten.",
            "contains": "Reinigte {amount} Nachrichten mit `{phrase}`."
        }
    },
    "ban": {
        "errors": {
            "noUser": "Du musst einen Nutzer bereitstellen, der gebannt werden sollte.",
            "cantBan": "Ich kann {user} nicht bannen.",
            "cantPunishUser": "Du kannst {user} nicht bannen."
        },
        "successfullyBanned": "{user} wurde gebannt."
    },
    "slowmode": {
        "errors": {
            "invalidTime": "{input} ist eine ungültige Zeit! Slowmode geht nur bis zu 6 Stunden.",
            "cantEdit": "Ich kann den Slowmode in <#{channel}> nicht bearbeiten."
        },
        "successfullyEdited": "Der Slowmode in <#{channel}> wurde gesetzt auf {duration}.",
        "successfullyRemoved": "Der Channel <#{channel}> hat keinen Slowmode mehr"
    },
    "lock": {
        "errors": {
            "cantLock": "Ich kann <#{channel}> nicht sperren.",
            "alreadyLocked": "<#{channel}> ist bereits gesperrt."
        },
        "successfullyLockedChannel": "<#{channel}> wurde gesperrt."
    },
    "unlock": {
        "errors": {
            "notLocked": "<#{channel}> ist nicht gesperrt.",
            "cantUnlock": "Ich kann <#{channel}> nicht entsperren."
        },
        "successfullyUnlockedChannel": "<#{channel}> wurde entsperrt."
    },
    "kick": {
        "errors": {
            "noUser": "Du musst einen Nutzer zum kicken bereitstellen.",
            "cantKick": "Ich kann {user} nicht kicken.",
            "cantPunishUser": "Du kannst {user} nicht kicken."
        },
        "successfullyKicked": "{user} wurde gekickt."
    },
    "mute": {
        "errors": {
            "noUser": "Du musst einen Nutzer zum muten bereitstellen.",
            "cantMute": "Ich kann {user} nicht muten.",
            "cantPunishUser": "Du kannst {user} nicht muten.",
            "alreadyMuted": "{user} ist schon gemutet."
        },
        "successfullyMuted": "{user} wurde gemutet.",
        "successfullyMutedForDuration": "{user} wurde gemutet für {duration}."
    },
    "unmute": {
        "errors": {
            "noUser": "Du musst einen Nutzer zum entmuten bereitstellen.",
            "cantUnmute": "Ich kann {user} nicht entmuten.",
            "cantPunishUser": "Du kannst {user} nicht entmuten.",
            "notMuted": "{user} ist nicht gemutet."
        },
        "successfullyUnmuted": "{user} wurde entmutet."
    },
    "warn": {
        "errors": {
            "noUser": "Du musst einen Nutzer zum warnen bereitstellen.",
            "cantWarn": "Ich kann {user} nicht warnen.",
            "cantPunishUser": "Du kannst {user} nicht warnen.",
            "noReason": "Du musst einen Grund angeben."
        },
        "successfullyWarned": "{user} wurde gewarnt.",
        "warnMessage": "Du wurdest gewarnt in {guild}.\n\n{reason}"
    },
    "history": {
        "errors": {
            "noUser": "Du musst einen Nutzer bereitstellen, dessen Geschichte nachgeschaut werden sollte.",
            "noHistory": "{user} hat keine Geschichte.",
            "noCase": "`{case}` ist kein gültiger Vorfall.",
            "cantRevokeCase": "Du kannst diesen Vorfall nicht zurückziehen."
        },
        "types": {
            "ban": "Gebannt",
            "kick": "Gekickt",
            "mute": "Gemutet",
            "unmute": "Entmutet",
            "unban": "Entbannt",
            "warn": "Verwarnt"
        },
        "usersHistory": "Die Geschichte von {user}",
        "overall": "{warns} Warnung/-en, {mutes} Mute/-s, {kicks} Kick/-s, {bans} Ban/-s",
        "specificCase": "Moderator: `{moderator}`\nGrund: {reason}\n\nVorfall zurückziehen: `{prefix}history {case} revoke` Vorfall aktualisieren: `{prefix}case {case} Neuer Grund`",
        "revokedCase": "Vorfall `#{case}` würde zurückgezogen.",
        "resetHistory": "Es wurden `{cases}` Vorfälle von {user} zurückgezogen"
    },
    "tempban": {
        "errors": {
            "noUser": "Du musst einen Nutzer bereitstellen, der auf Zeit gebannt wird.",
            "cantBan": "Ich kann {user} nicht auf Zeit bannen.",
            "cantPunishUser": "Du kannst {user} nicht auf Zeit bannen.",
            "noTime": "Du musst die Zeit angeben, auf die auf Zeit gebannt werden soll."
        },
        "successfullyBanned": "{user} würde für {duration} auf Zeit gebannt."
    },
    "reason": {
        "noCase": "Du musst eine Vorfallnummer bereitstellen, die bearbeitet werden soll.",
        "noCaseFound": "Es wurde kein Vorfall gefunden mit Begriff: `#{case}`",
        "noReason": "Du musst einen neuen Grund angeben.",
        "youCantEdit": "Du kannst Vorfall `#{case}` nicht bearbeiten.",
        "updatedCase": "Vorfall #{case} wurde bearbeitet."
    },
    "leaderboard": {
        "onlineLeaderboard": "Rangliste für {name}: https://arcanebot.xyz/leaderboard/{id}",
        "title": "Rangliste für {guild}"
    },
    "redeem": {
        "notSupportServer": "Dieser Befehl ist nur nutzbar im offiziellen Support-Server. https://discord.gg/467YPjF",
        "notEligible": "Du musst Vorteile auf unserem Patreon (https://patreon.com/arcanebot) kaufen um diesen Command zu nutzen.\n\n↳ Wenn du dies getan hast, stelle sicher, dass du deinen Patreon-Account mit Discord verknüpft hast.\n↳ Falls du nicht weiterkommst, bitte schreibe eine PN an `ImDarkDiamond#0256`",
        "redeemed": {
            "tier1": "Danke für das Kaufen von `Tier 1`. Deine Vorteile werden bleiben, bis du aufhörst zu bezahlen. Du kannst die Vorteile in **2** Discord-Servern aktivieren.",
            "tier12": "Danke für das Kaufen von `Tier 2`. Deine Vorteile werden bleiben, bis du aufhörst zu bezahlen. Du kannst die Vorteile in **5** Discord-Servern aktivieren.",
            "tier3": "Danke für das Kaufen von `Tier 3`. Deine Vorteile werden bleiben, bis du aufhörst zu bezahlen. Du kannst die Vorteile in **15** Discord-Servern aktivieren."
        }
    },
    "automod": {
        "automod": "Automatische Moderation — Einstellungen",
        "currentConfig": "Spam: `{spam}`\nEinladungen: `{invite}`\nSätze: `{phrase}`\nSchimpfen: `{profanity}`\nRaid: `{raid}`\n\nLogs: {logs}",
        "invalidOption": "Du musst eine gültige Einstellung zum bearbeiten bereitstellen. `spam, invite, phrase, profanity, raid oder logs`",
        "spam": {
            "invalidArg": "Spam kann `true (ja) oder false (nein)` sein. Beispiel: `{prefix}automod spam true`.",
            "enabled": "Spamverhinderung wurde aktiviert.",
            "disabled": "Spamverhinderung wurde deaktiviert."
        },
        "invite": {
            "invalidArg": "Einladungen kann `true (ja) oder false (nein)` sein. Beispiel: `{prefix}automod invite true`.",
            "enabled": "Einladungsverhinderung wurde aktiviert.",
            "disabled": "Einladungsverhinderung wurde deaktiviert."
        },
        "phrase": {
            "invalidArg": "Sätze kann `true (ja) oder false (nein)` sein. Beispiel: `{prefix}automod phrase true`.",
            "enabled": "Satzlöschung wurde aktiviert.",
            "disabled": "Satzlöschung wurde deaktiviert."
        }
    },
    "vote": "Du kannst für Arcane stimmen, indem du <https://arcanebot.xyz/vote> besuchst. Danke!",
    "support": "Du kannst Hilfe mit Arcane bekommen, indem du unseren Support-Server besuchst. https://discord.gg/467YPjF",
    "help": {
        "moreHelp": "Hier ist eine Liste von allen meinen Commands. Du kannst die Einstellungen von {guild} hier ändern. Falls du Hilfe brauchst, joine unseren Support-Server auf [Discord](https://discord.gg/467YPjF).",
        "invalidCommand": "`{command}` ist kein gültiger Command."
    },
    "invite": "Du kannst Arcane einladen, indem du <https://arcanebot.xyz/invite> besuchst.",
    "serverinfo": {
        "footer": "ID: {id}",
        "overview": "Allgemein",
        "overviewData": "Server-Region: `{region}`\nBesitzer: `{owner}`\nBoosts: `{boosts}/20` (Tier {tier})",
        "info": "Rollen: `{roles}`\nKanäle: `{channels}` - Text: `{text}` - Voice: `{voice}`\nNutzer: `{members}`"
    },
    "userinfo": {
        "roles": "Rollen ({total} ingsmt.)",
        "id": "ID",
        "joined": "Server beigetreten",
        "joinedDiscord": "Discord beigetreten",
        "none": "Nichts",
        "tooMany": "Zu viele Rollen zum anzeigen."
    },
    "selfrole": {
        "selfroles": "Here are all the self-roles for **{guild}**:\n{roles}",
        "noRoles": "{guild} hat keine Selfroles",
        "invalidRole": "`{name}` ist eine ungültige Rolle.",
        "cantAdd": "Ich kann dir `{role}` nicht geben.",
        "cantRemove": "Ich kann dir `{role}` nicht wegnehmen.",
        "addedRole": "Du hast nun die Rolle `{role}`, <@{user}>",
        "removedRole": "Ich hab dir nun `{role}` genommen, <@{user}>"
    }
}